{
    "reddit": {
        "python": 15.491272079175637,
        "java": 84.50872792082437
    },
    "twitter": {
        "python": 74.37865288055724,
        "java": 25.62134711944276
    }
}