{
    "reddit": {
        "java": 89.8215955965707,
        "python": 9.859871293658216
    },
    "twitter": {
        "java": 24.544601554736097,
        "python": 72.55678923287243
    }
}