{
    "reddit": {
        "python": 14.803575140303472,
        "java": 85.19642485969653
    },
    "twitter": {
        "python": 72.82763577830028,
        "java": 27.172364221699723
    }
}