{
    "google": {
        "python": 28.10810810810811,
        "java": 28.64864864864865,
        "golang": 16.216216216216218,
        "javascript": 27.027027027027028
    },
    "twitter": {
        "python": 39.386134120049924,
        "java": 21.52161579484852,
        "golang": 0.8033586746851242,
        "javascript": 38.288891410416426
    },
    "reddit": {
        "python": 78.60603801714498,
        "java": 10.457820847310224,
        "golang": 2.602807802211455,
        "javascript": 8.333333333333332
    }
}