{
    "reddit": {
        "python": 13.83432585409023,
        "java": 86.16567414590976
    },
    "twitter": {
        "python": 74.80945342457828,
        "java": 25.19054657542173
    }
}