{
    "reddit": {
        "python": 14.24143067993766,
        "java": 85.75856932006234
    },
    "twitter": {
        "python": 74.14232392310461,
        "java": 25.857676076895387
    }
}