{
    "google": {
        "python": 34.899328859060404,
        "java": 13.422818791946309,
        "golang": 18.79194630872483,
        "javascript": 32.88590604026846
    },
    "reddit": {
        "python": 78.13268578188725,
        "java": 11.85517262849849,
        "golang": 1.3200087170386974,
        "javascript": 8.692132872575574
    }
}