{
    "twitter": {
        "python": 41.98467960505103,
        "java": 14.1950401891665,
        "golang": 1.6854177378452102,
        "javascript": 42.13486246793727
    },
    "reddit": {
        "python": 9.621761201913202,
        "java": 87.57047700091805,
        "golang": 0.31271876689876044,
        "javascript": 2.495043030270003
    }
}